{"cameraMode":{"drawMode":0,"name":"Shaded","section":"Shading Mode"},"sceneLighting":true,"audioPlay":false,"sceneViewState":{"m_AlwaysRefresh":true,"showFog":true,"showSkybox":true,"showFlares":true,"showImageEffects":true,"showParticleSystems":true,"showVisualEffectGraphs":true,"m_FxEnabled":true},"in2DMode":false,"pivot":{"x":-58.984596252441409,"y":-111.16901397705078,"z":71.14213562011719},"rotation":{"x":-0.3384309709072113,"y":0.27847570180892947,"z":-0.10558211803436279,"w":-0.8926207423210144},"size":122.03190612792969,"orthographic":false}